{
    "28 26 25 24 36 35 29 27": {
        "temp": {
            "min": 7.5980000495910645,
            "max": 29.79800033569336,
            "avg": 18.005460739135742
        },
        "humidity": {
            "min": 39.0,
            "max": 100.0,
            "avg": 70.0241928100586
        },
        "dew_point": {
            "min": 2.067007064819336,
            "max": 21.42786979675293,
            "avg": 12.139892578125
        }
    },
    "12": {
        "temp": {
            "min": 7.5980000495910645,
            "max": 29.79800033569336,
            "avg": 18.005460739135742
        },
        "humidity": {
            "min": 39.0,
            "max": 100.0,
            "avg": 70.0241928100586
        },
        "dew_point": {
            "min": 2.067007064819336,
            "max": 21.42786979675293,
            "avg": 12.139892578125
        }
    },
    "13 14": {
        "temp": {
            "min": 10.523499488830566,
            "max": 38.12350082397461,
            "avg": 24.144468307495117
        },
        "humidity": {
            "min": 25.0,
            "max": 100.0,
            "avg": 63.31182861328125
        },
        "dew_point": {
            "min": 4.619492053985596,
            "max": 25.636089324951172,
            "avg": 15.93887996673584
        }
    },
    "8": {
        "temp": {
            "min": 20.07200050354004,
            "max": 36.62200164794922,
            "avg": 26.38913917541504
        },
        "humidity": {
            "min": 33.0,
            "max": 100.0,
            "avg": 78.5
        },
        "dew_point": {
            "min": 15.878836631774902,
            "max": 26.472000122070312,
            "avg": 21.938962936401367
        }
    },
    "6": {
        "temp": {
            "min": 23.93899917602539,
            "max": 33.9890022277832,
            "avg": 27.86642074584961
        },
        "humidity": {
            "min": 53.0,
            "max": 98.0,
            "avg": 86.43144989013672
        },
        "dew_point": {
            "min": 22.270809173583984,
            "max": 28.801231384277344,
            "avg": 25.27484703063965
        }
    },
    "23": {
        "temp": {
            "min": 8.512500762939453,
            "max": 31.162500381469727,
            "avg": 19.263643264770508
        },
        "humidity": {
            "min": 26.0,
            "max": 100.0,
            "avg": 71.00806427001953
        },
        "dew_point": {
            "min": 3.5354599952697754,
            "max": 23.09696388244629,
            "avg": 13.482474327087402
        }
    },
    "33": {
        "temp": {
            "min": 7.763000011444092,
            "max": 28.062999725341797,
            "avg": 18.18114471435547
        },
        "humidity": {
            "min": 37.0,
            "max": 100.0,
            "avg": 73.48925018310547
        },
        "dew_point": {
            "min": 2.7173564434051514,
            "max": 24.28766632080078,
            "avg": 13.122904777526855
        }
    },
    "45": {
        "temp": {
            "min": 5.321000099182129,
            "max": 33.020999908447266,
            "avg": 18.193500518798828
        },
        "humidity": {
            "min": 18.0,
            "max": 97.0,
            "avg": 56.25138854980469
        },
        "dew_point": {
            "min": 2.204075813293457,
            "max": 17.38100242614746,
            "avg": 8.394920349121094
        }
    },
    "0 46 47 48 51": {
        "temp": {
            "min": 6.94350004196167,
            "max": 31.793498992919922,
            "avg": 18.072927474975586
        },
        "humidity": {
            "min": 36.0,
            "max": 100.0,
            "avg": 74.13021087646484
        },
        "dew_point": {
            "min": 3.0985605716705322,
            "max": 23.8470458984375,
            "avg": 13.017949104309082
        }
    },
    "9": {
        "temp": {
            "min": 6.339000225067139,
            "max": 32.388999938964844,
            "avg": 19.200557708740234
        },
        "humidity": {
            "min": 34.0,
            "max": 100.0,
            "avg": 71.2741928100586
        },
        "dew_point": {
            "min": 0.03534434735774994,
            "max": 24.628080368041992,
            "avg": 13.429892539978027
        }
    },
    "17": {
        "temp": {
            "min": 4.369999885559082,
            "max": 29.170000076293945,
            "avg": 16.657970428466797
        },
        "humidity": {
            "min": 22.0,
            "max": 100.0,
            "avg": 67.05644989013672
        },
        "dew_point": {
            "min": 0.3910592198371887,
            "max": 22.6684627532959,
            "avg": 9.80186939239502
        }
    },
    "19": {
        "temp": {
            "min": 2.1085000038146973,
            "max": 29.808500289916992,
            "avg": 16.028730392456055
        },
        "humidity": {
            "min": 33.0,
            "max": 100.0,
            "avg": 74.20833587646484
        },
        "dew_point": {
            "min": 1.5400943756103516,
            "max": 23.03029441833496,
            "avg": 10.937535285949707
        }
    },
    "21": {
        "temp": {
            "min": 23.463001251220703,
            "max": 35.2130012512207,
            "avg": 27.777986526489258
        },
        "humidity": {
            "min": 48.0,
            "max": 100.0,
            "avg": 86.1048355102539
        },
        "dew_point": {
            "min": 21.78323745727539,
            "max": 28.347246170043945,
            "avg": 25.1123104095459
        }
    },
    "22": {
        "temp": {
            "min": 21.256500244140625,
            "max": 34.006500244140625,
            "avg": 26.66604232788086
        },
        "humidity": {
            "min": 57.0,
            "max": 100.0,
            "avg": 85.51881408691406
        },
        "dew_point": {
            "min": 19.903749465942383,
            "max": 27.361190795898438,
            "avg": 23.91216278076172
        }
    },
    "30": {
        "temp": {
            "min": 7.358999729156494,
            "max": 32.50899887084961,
            "avg": 18.642200469970703
        },
        "humidity": {
            "min": 35.0,
            "max": 100.0,
            "avg": 71.02822875976562
        },
        "dew_point": {
            "min": 1.449968695640564,
            "max": 24.41707420349121,
            "avg": 12.941064834594727
        }
    },
    "31": {
        "temp": {
            "min": 6.458499908447266,
            "max": 31.85849952697754,
            "avg": 18.70655059814453
        },
        "humidity": {
            "min": 34.0,
            "max": 100.0,
            "avg": 70.57661437988281
        },
        "dew_point": {
            "min": 3.194011926651001,
            "max": 23.699386596679688,
            "avg": 12.77584457397461
        }
    },
    "32": {
        "temp": {
            "min": 8.12399959564209,
            "max": 32.374000549316406,
            "avg": 19.453569412231445
        },
        "humidity": {
            "min": 26.0,
            "max": 100.0,
            "avg": 68.40725708007812
        },
        "dew_point": {
            "min": 3.6780433654785156,
            "max": 22.517683029174805,
            "avg": 12.909140586853027
        }
    },
    "7": {
        "temp": {
            "min": 8.062999725341797,
            "max": 31.26300048828125,
            "avg": 18.456024169921875
        },
        "humidity": {
            "min": 34.0,
            "max": 100.0,
            "avg": 71.63949584960938
        },
        "dew_point": {
            "min": 2.8283638954162598,
            "max": 24.65987777709961,
            "avg": 12.962271690368652
        }
    },
    "16": {
        "temp": {
            "min": 6.72599983215332,
            "max": 30.025999069213867,
            "avg": 18.619333267211914
        },
        "humidity": {
            "min": 29.0,
            "max": 100.0,