{
    "28 26 25 24 36 35 29 27": {
        "temp": {
            "min": 7.5980000495910645,
            "max": 29.79800033569336,
            "avg": 18.005460739135742,
            "latest": 20.29800033569336
        },
        "humidity": {
            "min": 39.0,
            "max": 100.0,
            "avg": 70.0241928100586,
            "latest": 73.0
        },
        "dew_point": {
            "min": 2.067007064819336,
            "max": 21.42786979675293,
            "avg": 12.139892578125,
            "latest": 15.299846649169922
        }
    },
    "12": {
        "temp": {
            "min": 7.5980000495910645,
            "max": 29.79800033569336,
            "avg": 18.005460739135742,
            "latest": 20.29800033569336
        },
        "humidity": {
            "min": 39.0,
            "max": 100.0,
            "avg": 70.0241928100586,
            "latest": 73.0
        },
        "dew_point": {
            "min": 2.067007064819336,
            "max": 21.42786979675293,
            "avg": 12.139892578125,
            "latest": 15.299846649169922
        }
    },
    "13 14": {
        "temp": {
            "min": 10.523499488830566,
            "max": 38.12350082397461,
            "avg": 24.144468307495117,
            "latest": 27.823501586914062
        },
        "humidity": {
            "min": 25.0,
            "max": 100.0,
            "avg": 63.31182861328125,
            "latest": 54.0
        },
        "dew_point": {
            "min": 4.619492053985596,
            "max": 25.636089324951172,
            "avg": 15.93887996673584,
            "latest": 17.665559768676758
        }
    },
    "8": {
        "temp": {
            "min": 20.07200050354004,
            "max": 36.62200164794922,
            "avg": 26.38913917541504,
            "latest": 27.222000122070312
        },
        "humidity": {
            "min": 33.0,
            "max": 100.0,
            "avg": 78.5,
            "latest": 76.0
        },
        "dew_point": {
            "min": 15.878836631774902,
            "max": 26.472000122070312,
            "avg": 21.938962936401367,
            "latest": 22.622079849243164
        }
    },
    "6": {
        "temp": {
            "min": 23.93899917602539,
            "max": 33.9890022277832,
            "avg": 27.86642074584961,
            "latest": 30.48900032043457
        },
        "humidity": {
            "min": 53.0,
            "max": 98.0,
            "avg": 86.43144989013672,
            "latest": 67.0
        },
        "dew_point": {
            "min": 22.270809173583984,
            "max": 28.801231384277344,
            "avg": 25.27484703063965,
            "latest": 23.6685733795166
        }
    },
    "23": {
        "temp": {
            "min": 8.512500762939453,
            "max": 31.162500381469727,
            "avg": 19.263643264770508,
            "latest": 20.412500381469727
        },
        "humidity": {
            "min": 26.0,
            "max": 100.0,
            "avg": 71.00806427001953,
            "latest": 68.0
        },
        "dew_point": {
            "min": 3.5354599952697754,
            "max": 23.09696388244629,
            "avg": 13.482474327087402,
            "latest": 14.308366775512695
        }
    },
    "33": {
        "temp": {
            "min": 7.763000011444092,
            "max": 28.062999725341797,
            "avg": 18.18114471435547,
            "latest": 22.613000869750977
        },
        "humidity": {
            "min": 37.0,
            "max": 100.0,
            "avg": 73.48925018310547,
            "latest": 74.0
        },
        "dew_point": {
            "min": 2.7173564434051514,
            "max": 24.28766632080078,
            "avg": 13.122904777526855,
            "latest": 17.743263244628906
        }
    },
    "45": {
        "temp": {
            "min": 5.321000099182129,
            "max": 33.020999908447266,
            "avg": 18.193500518798828,
            "latest": 25.071001052856445
        },
        "humidity": {
            "min": 18.0,
            "max": 97.0,
            "avg": 56.25138854980469,
            "latest": 34.0
        },
        "dew_point": {
            "min": 2.204075813293457,
            "max": 17.38100242614746,
            "avg": 8.394920349121094,
            "latest": 8.112405776977539
        }
    },
    "0 46 47 48 51": {
        "temp": {
            "min": 6.94350004196167,
            "max": 31.793498992919922,
            "avg": 18.072927474975586,
            "latest": 19.193500518798828
        },
        "humidity": {
            "min": 36.0,
            "max": 100.0,
            "avg": 74.13021087646484,
            "latest": 67.0
        },
        "dew_point": {
            "min": 3.0985605716705322,
            "max": 23.8470458984375,
            "avg": 13.017949104309082,
            "latest": 12.918286323547363
        }
    },
    "9": {
        "temp": {
            "min": 6.339000225067139,
            "max": 32.388999938964844,
            "avg": 19.200557708740234,
            "latest": 23.73900032043457
        },
        "humidity": {
            "min": 34.0,
            "max": 100.0,
            "avg": 71.2741928100586,
            "latest": 53.0
        },
        "dew_point": {
            "min": 0.03534434735774994,
            "max": 24.628080368041992,
            "avg": 13.429892539978027,
            "latest": 13.59181022644043
        }
    },
    "17": {
        "temp": {
            "min": 4.369999885559082,
            "max": 29.170000076293945,
            "avg": 16.657970428466797,
            "latest": 22.920000076293945
        },
        "humidity": {
            "min": 22.0,
            "max": 100.0,
            "avg": 67.05644989013672,
            "latest": 45.0
        },
        "dew_point": {
            "min": 0.3910592198371887,
            "max": 22.6684627532959,
            "avg": 9.80186939239502,
            "latest": 10.357090950012207
        }
    },
    "19": {
        "temp": {
            "min": 2.1085000038146973,
            "max": 29.808500289916992,
            "avg": 16.028730392456055,
            "latest": 22.558500289916992
        },
        "humidity": {
            "min": 33.0,
            "max": 100.0,
            "avg": 74.20833587646484,
            "latest": 53.0
        },
        "dew_point": {
            "min": 1.5400943756103516,
            "max": 23.03029441833496,
            "avg": 10.937535285949707,
            "latest": 12.499224662780762
        }
    },
    "21": {
        "temp": {
            "min": 23.463001251220703,
            "max": 35.2130012512207,
            "avg": 27.777986526489258,
            "latest": 29.713001251220703
        },
        "humidity": {
            "min": 48.0,
            "max": 100.0,
            "avg": 86.1048355102539,
            "latest": 73.0
        },
        "dew_point": {
            "min": 21.78323745727539,
            "max": 28.347246170043945,
            "avg": 25.1123104095459,
            "latest": 24.35470199584961
        }
    },
    "22": {
        "temp": {
            "min": 21.256500244140625,
            "max": 34.006500244140625,
            "avg": 26.66604232788086,
            "latest": 24.506500244140625
        },
        "humidity": {
            "min": 57.0,
            "max": 100.0,
            "avg": 85.51881408691406,
            "latest": 86.0
        },
        "dew_point": {
            "min": 19.903749465942383,
            "max": 27.361190795898438,
            "avg": 23.91216278076172,
            "latest": 22.009681701660156
        }
    },
    "30": {
        "temp": {
            "min": 7.358999729156494,
            "max": 32.50899887084961,
            "avg": 18.642200469970703,
            "latest": 20.759000778198242
        },
        "humidity": {
            "min": 35.0,
            "max": 100.0,
            "avg": 71.02822875976562,
            "latest": 78.0
        },